{"loss": [0.6245959401130676, 0.14744137227535248, 0.09258651733398438, 0.06961453706026077, 0.05244753137230873, 0.04134996235370636, 0.036317940801382065, 0.029107719659805298, 0.028854578733444214, 0.02546580135822296, 0.020190667361021042, 0.018016420304775238, 0.019812097772955894, 0.0199002455919981, 0.011730436235666275, 0.014695419929921627, 0.012642952613532543, 0.013354039750993252], "accuracy": [0.7892407178878784, 0.9568703770637512, 0.9724629521369934, 0.9787222146987915, 0.9838518500328064, 0.9866851568222046, 0.9883333444595337, 0.990574061870575, 0.9910740852355957, 0.991518497467041, 0.9935370087623596, 0.9943147897720337, 0.9933518767356873, 0.9937962889671326, 0.9963889122009277, 0.9953518509864807, 0.9956111311912537, 0.9953518509864807], "val_loss": [0.281265527009964, 0.15304024517536163, 0.12332938611507416, 0.11751136928796768, 0.11123008280992508, 0.11994758248329163, 0.1336372345685959, 0.11760497838258743, 0.1141638308763504, 0.13030751049518585, 0.10491811484098434, 0.1278700828552246, 0.12631003558635712, 0.12569434940814972, 0.12162043899297714, 0.12886032462120056, 0.11986619979143143, 0.1246478259563446], "val_accuracy": [0.9171666502952576, 0.9566666483879089, 0.9674999713897705, 0.965499997138977, 0.9695000052452087, 0.9679999947547913, 0.9678333401679993, 0.9733333587646484, 0.9711666703224182, 0.9725000262260437, 0.9760000109672546, 0.9706666469573975, 0.9696666598320007, 0.9733333587646484, 0.9729999899864197, 0.9723333120346069, 0.9731666445732117, 0.9746666550636292], "architect": [8], "test_acc": 0.927}