{"loss": [0.45352259278297424, 0.11539984494447708, 0.07548660784959793, 0.05608580633997917, 0.04249078780412674, 0.03505773842334747, 0.03171307221055031, 0.024334365501999855, 0.024566389620304108, 0.019525719806551933, 0.018291110172867775, 0.018593356013298035, 0.014616603031754494, 0.01545465737581253, 0.013074579648673534, 0.012813838198781013, 0.013179427944123745, 0.01154955755919218, 0.010781212709844112, 0.01192107517272234, 0.010673549957573414, 0.012808132916688919, 0.0066995639353990555, 0.006496069487184286, 0.012235602363944054, 0.006606571841984987, 0.010005288757383823], "accuracy": [0.8575925827026367, 0.9653518795967102, 0.9759629368782043, 0.9828518629074097, 0.9871296286582947, 0.9888888597488403, 0.9897962808609009, 0.9919629693031311, 0.9918888807296753, 0.9934444427490234, 0.994092583656311, 0.9936851859092712, 0.9949444532394409, 0.9949444532394409, 0.9954814910888672, 0.995629608631134, 0.9955185055732727, 0.9958703517913818, 0.9962777495384216, 0.9961666464805603, 0.9965925812721252, 0.9959999918937683, 0.9978518486022949, 0.9978888630867004, 0.9959074258804321, 0.9980740547180176, 0.9964629411697388], "val_loss": [0.2044907659292221, 0.10900340974330902, 0.10647277534008026, 0.09125566482543945, 0.08992188423871994, 0.09225358814001083, 0.1032571941614151, 0.10167066752910614, 0.09397684037685394, 0.10299345850944519, 0.1187531054019928, 0.08820731937885284, 0.11388898640871048, 0.09329872578382492, 0.09482349455356598, 0.10946651548147202, 0.07715639472007751, 0.09660233557224274, 0.10213395953178406, 0.09434550255537033, 0.10733599960803986, 0.081787109375, 0.0830657109618187, 0.10700365900993347, 0.0898323804140091, 0.08998795598745346, 0.1132570430636406], "val_accuracy": [0.9380000233650208, 0.9661666750907898, 0.9679999947547913, 0.9728333353996277, 0.9750000238418579, 0.9754999876022339, 0.9743333458900452, 0.9748333096504211, 0.9764999747276306, 0.9766666889190674, 0.971666693687439, 0.9773333072662354, 0.9735000133514404, 0.9793333411216736, 0.9776666760444641, 0.9746666550636292, 0.981166660785675, 0.9786666631698608, 0.9769999980926514, 0.9785000085830688, 0.9764999747276306, 0.9816666841506958, 0.9825000166893005, 0.9760000109672546, 0.9793333411216736, 0.9803333282470703, 0.9763333201408386], "architect": [32], "test_acc": 0.9399}