{"loss": [0.4383370578289032, 0.11601398885250092, 0.07507581263780594, 0.05590900033712387, 0.0463414303958416, 0.038967713713645935, 0.032077137380838394, 0.0246350709348917, 0.026709994301199913, 0.02123989537358284, 0.020837843418121338, 0.018595058470964432, 0.018630212172865868, 0.015394310466945171, 0.012125225737690926, 0.013792194426059723, 0.016801083460450172, 0.009530737064778805, 0.011602803133428097, 0.012732337228953838, 0.008893092162907124, 0.009139138273894787, 0.009079841896891594, 0.011935948394238949], "accuracy": [0.8610740900039673, 0.9638888835906982, 0.9769629836082458, 0.9824814796447754, 0.9857407212257385, 0.9875555634498596, 0.9896666407585144, 0.991944432258606, 0.9911666512489319, 0.9933333396911621, 0.9930925965309143, 0.9935185313224792, 0.9939629435539246, 0.9948333501815796, 0.9956851601600647, 0.9953518509864807, 0.9944259524345398, 0.9968888759613037, 0.9962592720985413, 0.9955740571022034, 0.9970555305480957, 0.9969815015792847, 0.9967036843299866, 0.9962962865829468], "val_loss": [0.18756268918514252, 0.1294543594121933, 0.12143552303314209, 0.09649515897035599, 0.11472652852535248, 0.09424953162670135, 0.09472358971834183, 0.11047680675983429, 0.10968204587697983, 0.10630149394273758, 0.1153436005115509, 0.1079612448811531, 0.09117969870567322, 0.10209054499864578, 0.11120849847793579, 0.10676008462905884, 0.10406380891799927, 0.10591393709182739, 0.12099653482437134, 0.10667817294597626, 0.10370050370693207, 0.11291626840829849, 0.12432271987199783, 0.09352481365203857], "val_accuracy": [0.9413333535194397, 0.9603333473205566, 0.9673333168029785, 0.9723333120346069, 0.9673333168029785, 0.971833348274231, 0.9738333225250244, 0.9710000157356262, 0.971666693687439, 0.9750000238418579, 0.9745000004768372, 0.9761666655540466, 0.9789999723434448, 0.9764999747276306, 0.9763333201408386, 0.9785000085830688, 0.9753333330154419, 0.9779999852180481, 0.9760000109672546, 0.9764999747276306, 0.9766666889190674, 0.9776666760444641, 0.9773333072662354, 0.9803333282470703], "architect": [64], "test_acc": 0.9425}