{"loss": [0.542289674282074, 0.13292624056339264, 0.08517029881477356, 0.06062658876180649, 0.050990596413612366, 0.04173433035612106, 0.03338772803544998, 0.028923263773322105, 0.026339102536439896, 0.022788746282458305, 0.022589243948459625, 0.0171329565346241, 0.01827252469956875, 0.016966629773378372, 0.0160099845379591, 0.013954413123428822, 0.013487224467098713, 0.0117980120703578, 0.01482334639877081, 0.01351224910467863, 0.009316547773778439, 0.00911465659737587, 0.009182329289615154, 0.01146850548684597, 0.010719369165599346], "accuracy": [0.8239629864692688, 0.9598888754844666, 0.9742777943611145, 0.9813888669013977, 0.9842777848243713, 0.9869629740715027, 0.9895185232162476, 0.9902963042259216, 0.9916296005249023, 0.9922407269477844, 0.9926851987838745, 0.9942407608032227, 0.9940184950828552, 0.9943147897720337, 0.9948148131370544, 0.9955185055732727, 0.9954444169998169, 0.9963703751564026, 0.9951481223106384, 0.9956481456756592, 0.9972962737083435, 0.9971110820770264, 0.9968703985214233, 0.9962777495384216, 0.9967222213745117], "val_loss": [0.23340488970279694, 0.11794284731149673, 0.0958942398428917, 0.12123666703701019, 0.11160222440958023, 0.09389297664165497, 0.1043548658490181, 0.11326666176319122, 0.11358670145273209, 0.09557954221963882, 0.13014963269233704, 0.08786308765411377, 0.0944424644112587, 0.10865296423435211, 0.08744993805885315, 0.10469366610050201, 0.1049182340502739, 0.10570386797189713, 0.10524872690439224, 0.1129884123802185, 0.1076144278049469, 0.10214469581842422, 0.1216655746102333, 0.08996023237705231, 0.11084937304258347], "val_accuracy": [0.9276666641235352, 0.965499997138977, 0.9723333120346069, 0.9635000228881836, 0.968500018119812, 0.9736666679382324, 0.9721666574478149, 0.968666672706604, 0.9713333249092102, 0.9746666550636292, 0.9691666960716248, 0.9766666889190674, 0.9786666631698608, 0.9748333096504211, 0.9793333411216736, 0.9778333306312561, 0.9794999957084656, 0.9769999980926514, 0.9778333306312561, 0.9756666421890259, 0.9753333330154419, 0.9775000214576721, 0.9750000238418579, 0.9796666502952576, 0.9760000109672546], "architect": [16, 16], "test_acc": 0.9363}