{"loss": [0.5400084853172302, 0.13394689559936523, 0.08433827757835388, 0.057902175933122635, 0.045449163764715195, 0.038604721426963806, 0.03444253280758858, 0.026353588327765465, 0.019491495564579964, 0.022045930847525597, 0.020877841860055923, 0.01942591927945614, 0.014889415353536606, 0.01593424193561077, 0.016516398638486862, 0.013206388801336288, 0.01303347758948803, 0.013119390234351158, 0.009908578358590603, 0.011444184929132462, 0.011330245062708855, 0.011195125058293343], "accuracy": [0.8242777585983276, 0.9589999914169312, 0.9735000133514404, 0.9818518757820129, 0.9852407574653625, 0.9872592687606812, 0.9888333082199097, 0.9912777543067932, 0.9937037229537964, 0.9924629926681519, 0.992888867855072, 0.9935185313224792, 0.9951851963996887, 0.9945370554924011, 0.994351863861084, 0.9953888654708862, 0.9954259395599365, 0.9953518509864807, 0.9964259266853333, 0.9962407350540161, 0.996222198009491, 0.9962592720985413], "val_loss": [0.23397599160671234, 0.15681235492229462, 0.11101868748664856, 0.09943261742591858, 0.12422731518745422, 0.11718905717134476, 0.10474929958581924, 0.09554582834243774, 0.12552359700202942, 0.11185706406831741, 0.1268884539604187, 0.11659001559019089, 0.11579972505569458, 0.10994826257228851, 0.09893378615379333, 0.10518238693475723, 0.11126421391963959, 0.11365567892789841, 0.11756500601768494, 0.10236211121082306, 0.11185821890830994, 0.12093650549650192], "val_accuracy": [0.9281666874885559, 0.950166642665863, 0.9671666622161865, 0.9711666703224182, 0.9636666774749756, 0.9668333530426025, 0.9714999794960022, 0.9756666421890259, 0.9681666493415833, 0.9723333120346069, 0.972000002861023, 0.9726666808128357, 0.9725000262260437, 0.9739999771118164, 0.9760000109672546, 0.9771666526794434, 0.9738333225250244, 0.9753333330154419, 0.9750000238418579, 0.9779999852180481, 0.9771666526794434, 0.9733333587646484], "architect": [16], "test_acc": 0.9376}