{"loss": [0.469669908285141, 0.12436624616384506, 0.08060472458600998, 0.058718062937259674, 0.0491124764084816, 0.041068535298109055, 0.032291002571582794, 0.030895162373781204, 0.025402138009667397, 0.022022845223546028, 0.02170800045132637, 0.019333159551024437, 0.01889028772711754, 0.01657485030591488, 0.015801262110471725, 0.01600778102874756, 0.014378422871232033, 0.013425799086689949, 0.013391748070716858, 0.012927391566336155, 0.012591901235282421, 0.012421592138707638, 0.011170935817062855, 0.009466073475778103, 0.010503482073545456, 0.010536023415625095, 0.00971059501171112], "accuracy": [0.8457221984863281, 0.9617592692375183, 0.9756296277046204, 0.9819074273109436, 0.9841851592063904, 0.9868147969245911, 0.9898889064788818, 0.9902036786079407, 0.9918518662452698, 0.9932777881622314, 0.9927407503128052, 0.9937222003936768, 0.9935926198959351, 0.9947037100791931, 0.9951666593551636, 0.9946110844612122, 0.9952592849731445, 0.995722234249115, 0.9956851601600647, 0.9957407116889954, 0.9959814548492432, 0.9960740804672241, 0.9963518381118774, 0.996666669845581, 0.996666669845581, 0.9967222213745117, 0.9968703985214233], "val_loss": [0.2490331381559372, 0.1376570463180542, 0.10489962995052338, 0.10575506836175919, 0.09086990356445312, 0.10986484587192535, 0.0983542799949646, 0.10056547820568085, 0.0863657146692276, 0.09478959441184998, 0.09727397561073303, 0.09342487901449203, 0.09689224511384964, 0.10069068521261215, 0.11019273847341537, 0.09994187206029892, 0.1254936009645462, 0.10385087877511978, 0.09750892966985703, 0.10032419860363007, 0.09726231545209885, 0.10239984840154648, 0.09420342743396759, 0.09869961440563202, 0.09682899713516235, 0.10181527584791183, 0.09353793412446976], "val_accuracy": [0.9166666865348816, 0.9566666483879089, 0.9673333168029785, 0.9661666750907898, 0.9729999899864197, 0.968999981880188, 0.9711666703224182, 0.9733333587646484, 0.9771666526794434, 0.9764999747276306, 0.9739999771118164, 0.9785000085830688, 0.9760000109672546, 0.9753333330154419, 0.9728333353996277, 0.9775000214576721, 0.9726666808128357, 0.9775000214576721, 0.9778333306312561, 0.9781666398048401, 0.9775000214576721, 0.9778333306312561, 0.9793333411216736, 0.9786666631698608, 0.9796666502952576, 0.9769999980926514, 0.9806666374206543], "architect": [64, 64], "test_acc": 0.9439}