{"loss": [0.43263959884643555, 0.12487556040287018, 0.08288450539112091, 0.06405916064977646, 0.051236312836408615, 0.041553009301424026, 0.03761955723166466, 0.03345220163464546, 0.026847608387470245, 0.027999814599752426, 0.02230033650994301, 0.019538547843694687, 0.019970208406448364, 0.020966166630387306, 0.017177117988467216, 0.01835412159562111, 0.017818117514252663, 0.015736347064375877, 0.01108336541801691, 0.016861116513609886, 0.012773126363754272, 0.011764002963900566], "accuracy": [0.8600741028785706, 0.9608703851699829, 0.9743703603744507, 0.9802407622337341, 0.9836481213569641, 0.9863333106040955, 0.9874444603919983, 0.9895740747451782, 0.9910555481910706, 0.9904814958572388, 0.9925000071525574, 0.9936296343803406, 0.9932222366333008, 0.9934259057044983, 0.9943703413009644, 0.993925929069519, 0.9945740699768066, 0.9950740933418274, 0.9965555667877197, 0.9942777752876282, 0.9959999918937683, 0.9963518381118774], "val_loss": [0.18774253129959106, 0.1144942194223404, 0.12917083501815796, 0.09704259037971497, 0.10738171637058258, 0.09902600944042206, 0.10644371807575226, 0.09150183200836182, 0.10778527706861496, 0.09429807215929031, 0.10609889030456543, 0.10518275201320648, 0.10849477350711823, 0.08243729174137115, 0.09347397089004517, 0.08757901936769485, 0.09447981417179108, 0.08220222592353821, 0.11433766782283783, 0.10621275007724762, 0.0983278676867485, 0.11832038313150406], "val_accuracy": [0.9423333406448364, 0.9648333191871643, 0.9613333344459534, 0.972000002861023, 0.9704999923706055, 0.9731666445732117, 0.968999981880188, 0.9776666760444641, 0.972000002861023, 0.9746666550636292, 0.9735000133514404, 0.9751666784286499, 0.9753333330154419, 0.9791666865348816, 0.9769999980926514, 0.9800000190734863, 0.9773333072662354, 0.9804999828338623, 0.9750000238418579, 0.9746666550636292, 0.9775000214576721, 0.9771666526794434], "architect": [128, 128], "test_acc": 0.9345}