{"loss": [0.6997299194335938, 0.16562803089618683, 0.10550187528133392, 0.07637999206781387, 0.05900370329618454, 0.04588586837053299, 0.04226323962211609, 0.033899545669555664, 0.0303523950278759, 0.022978052496910095, 0.025599826127290726, 0.022391047328710556, 0.020552784204483032, 0.017847316339612007, 0.01877240091562271, 0.01706008054316044, 0.014184610918164253, 0.014881616458296776, 0.012622027657926083, 0.014417084865272045, 0.014219391159713268, 0.012540037743747234, 0.01010076142847538, 0.011454368010163307, 0.010666817426681519, 0.010180153883993626], "accuracy": [0.7637407183647156, 0.9511851668357849, 0.9690555334091187, 0.976111114025116, 0.9819999933242798, 0.9853333234786987, 0.9863703846931458, 0.9895740747451782, 0.9900555610656738, 0.9926111102104187, 0.9912592768669128, 0.9927777647972107, 0.9935370087623596, 0.9942777752876282, 0.9939629435539246, 0.9941296577453613, 0.9953333139419556, 0.9952777624130249, 0.9955370426177979, 0.9953888654708862, 0.9954444169998169, 0.9957407116889954, 0.9967222213745117, 0.9961296319961548, 0.9964073896408081, 0.9969444274902344], "val_loss": [0.39375194907188416, 0.15073508024215698, 0.12982133030891418, 0.1387374848127365, 0.10498210787773132, 0.12031195312738419, 0.128696009516716, 0.11684224754571915, 0.10931847989559174, 0.1275278478860855, 0.11001993715763092, 0.15774740278720856, 0.11264477670192719, 0.12427078187465668, 0.13220363855361938, 0.1169780045747757, 0.10920852422714233, 0.1332230269908905, 0.12390764057636261, 0.12066135555505753, 0.11848722398281097, 0.12304843217134476, 0.13229474425315857, 0.118708036839962, 0.1101229339838028, 0.11994566768407822], "val_accuracy": [0.8833333253860474, 0.9564999938011169, 0.9643333554267883, 0.9626666903495789, 0.9726666808128357, 0.9676666855812073, 0.9691666960716248, 0.9733333587646484, 0.9754999876022339, 0.9711666703224182, 0.9761666655540466, 0.9653333425521851, 0.9756666421890259, 0.9711666703224182, 0.9710000157356262, 0.9751666784286499, 0.9758333563804626, 0.9726666808128357, 0.9754999876022339, 0.9781666398048401, 0.9753333330154419, 0.9760000109672546, 0.971833348274231, 0.9766666889190674, 0.9761666655540466, 0.9764999747276306], "architect": [8, 8], "test_acc": 0.9355}